{"柳原 真緒": 2001.6336951495166, "小泉 夢菜": 1609.9050376456594, "坂口 楓華": 2005.1422866076905, "石井 寛子": 1875.9960408276145, "村田 奈穂": 1694.3571447794143, "鈴木 美教": 1699.7493779917847, "野本 怜菜": 1731.2445125145578, "鈴木 奈央": 1885.0963371696425, "岡本 二菜": 1701.2891324641653, "細田 愛未": 1686.5443866790608, "久米 詩": 1969.0882772581103, "林 真奈美": 1623.8133211342376, "山原 さくら": 2017.0817487386314, "尾方 真生": 1939.361443078357, "杉浦 菜留": 1547.2494132951274, "吉川 美穂": 1982.065154250617, "日野 未来": 1830.6004905598197, "小林 莉子": 1991.5269277342811, "吉村 早耶香": 1734.350461782346, "野口 諭実可": 1478.0561456014411, "児玉 碧衣": 2066.2305063912804, "佐々木 綾": 1458.2067469497977, "岩崎 ゆみこ": 1568.125147296126, "山口 真未": 1826.8650264589169, "森内 愛香": 1189.0921529493921, "伊藤 のぞみ": 1409.7108127462564, "川嶋 百香": 1381.4978726910442, "藤原 亜衣里": 1184.4060596775175, "當銘 直美": 1818.0946267148036, "鈴木 咲香": 1239.254693712371, "五味田 奈穂": 1705.4301454151869, "戸田 瑞姫": 1559.1200845031158, "佐藤 亜貴子": 1262.9818801627846, "高橋 梨香": 1660.08226297632, "谷元 音羽": 1439.671633983322, "高本 美穂": 1320.5086415318328, "近澤 諒香": 1327.9271354133527, "溝口 香奈": 1206.9516481738754, "三谷 尚子": 1296.823015289777, "渡部 遥": 1558.40713557693, "宮安 利紗": 1459.2360681680668, "太田 美穂": 1743.264090415623, "下条 未悠": 1732.0632167196266, "藤原 春陽": 1559.4713626817172, "當銘 沙恵美": 1641.015963608689, "安東 莉奈": 1549.3834402335951, "元砂 七夕美": 1725.5603954308644, "西脇 美唯奈": 1661.4987373677013, "田中 月菜": 1530.3045771757606, "神澤 瑛菜": 1125.0196362259526, "中村 鈴花": 1335.439672659436, "神戸 暖稀羽": 1556.3253024446071, "石井 貴子": 1691.1088345283267, "三宅 玲奈": 1274.2610857406628, "加藤 舞": 1664.568374033944, "板根 茜弥": 1613.9561460598925, "松尾 智佳": 1133.3559704511779, "枝光 美奈": 1538.503095705821, "浦部 郁里": 1301.0316598793615, "藤田 まりあ": 1822.890288741851, "杉沢 毛伊子": 1380.2515071793985, "渡口 まりあ": 1529.0007781487254, "山本 さくら": 1328.963009758435, "亀川 史華": 1315.2988538752159, "畠山 ひすい": 1775.8653147671994, "布居 光": 1286.8580060142062, "篠崎 新純": 1479.1704382509088, "白井 美早子": 1236.1792949292565, "高橋 朋恵": 1451.2042312570668, "渡辺 ゆかり": 1137.2612711779843, "又多 風緑": 1628.1777593384713, "田中 千尋": 1309.285091461615, "青木 美保": 1731.258316708057, "保立 沙織": 1178.7356269887073, "増田 夕華": 1606.9578509645253, "高木 香帆": 1243.905202808872, "太田 瑛美": 1754.1878203214578, "廣木 まこ": 1665.0475380675987, "西島 叶子": 1720.2212896593667, "山口 優依": 1548.6482085917426, "池上 あかり": 1151.568440385286, "猪頭 香緒里": 1331.5409467855584, "向井 円": 1301.4734852758766, "吉岡 詩織": 1722.8454664213994, "松本 ちひろ": 1371.9891961324995, "高橋 美沙紀": 1552.4200053942882, "中川 諒子": 1382.5466354230136, "大谷 杏奈": 1345.0928729866794, "浜地 晴帆": 1266.0277309900791, "熊谷 碩子": 1324.424171038094, "吉田 りんご": 1333.7260342254585, "黒河内 由実": 1461.1741306644544, "永禮 美瑠": 1655.0000274822773, "藤巻 絵里佳": 1323.1461153102232, "永塚 祐子": 1645.673144677207, "佐藤 友香": 1186.7240698224075, "塩田 日海": 1252.6503646444799, "奥井 迪": 1779.2485387190366, "星野 しほ": 1231.9681817067324, "豊岡 英子": 1513.6643000127347, "成田 可菜絵": 1415.1373310014822, "尾崎 睦": 2022.3305607157881, "竹野 百香": 1897.8275022326677, "河内 桜雪": 1643.0201820252473, "小林 真矢香": 1457.505564219882, "黒沢 夢姫": 1411.5875580192776, "松本 詩乃": 1763.1145360457645, "宮西 令奈": 1314.7301756444901, "中村 美那": 1468.6421725041112, "梶田 舞": 1477.7864275533368, "猪子 真実": 1226.431632060177, "高尾 貴美歌": 1758.595516714611, "佐伯 智恵": 1353.3313591636945, "加藤 恵": 1497.5269320480434, "藤高 千恵": 1226.2529576852237, "比嘉 真梨代": 1484.941073546522, "國村 美留莉": 1556.6098575991846, "川路 遥香": 1380.324985507285, "吉村 美有紀": 1385.7788131708724, "萩原 瑞生": 1230.9348776067286, "田口 梓乃": 1307.7229211995086, "金田 舞夏": 1354.6385297386194, "出口 倫子": 1314.6918322622194, "木下 宙": 1099.4306005414473, "長澤 彩": 1475.8065921000948, "青木 美優": 1345.9874429049262, "鈴木 彩夏": 1456.652337487575, "熊谷 芽緯": 1787.5939372211017, "奈良岡 彩子": 1196.7022835953255, "日野 友葵": 1110.8693003560174, "蛯原 杏奈": 1463.2930308870164, "松井 優佳": 1760.6658286220884, "佐々木 恵理": 1408.4869922133423, "中瀬 由真": 1152.4378761273085, "清水 彩那": 1533.4288437289706, "中野 咲": 1558.467409480929, "中西 叶美": 1120.76583072506, "島田 優里": 1405.3245351756518, "荒牧 聖未": 1858.4190357007367, "高木 佑真": 1542.3617204513068, "飯田 風音": 1834.8700072788608, "本多 優": 1306.1809824329619, "田中 まい": 1606.1925463797384, "東 美月": 1576.130518558454, "刈込 奈那": 1318.8394648514393, "加瀬 加奈子": 1476.8952519577783, "奥平 彩乃": 1257.4713863791314, "南 円佳": 1456.1096994785512, "小坂 知子": 1659.2404401039942, "三宅 愛梨": 1279.450556450929, "野寺 楓": 1492.387901731932, "戸邉 香奈実": 1367.4051743224452, "三森 彩桜": 1538.337718276694, "橋本 佳耶": 1519.2012548496914, "鈴木 樹里": 1394.7414608646538, "渡邉 栞奈": 1385.4386736025162, "福田 礼佳": 1152.017813879798, "増茂 るるこ": 1544.1346078962288, "那須 萌美": 1893.2717394169447, "横山 愛海": 1128.2869913646352, "羽田野 愛花": 1220.0290424992727, "新井 美菜": 1232.31611362232, "岡村 育子": 1094.7576469954881, "宇野 紅音": 1654.5417174036586, "荒川 ひかり": 1459.708024032223, "梅川 風子": 2021.4434834469307, "佐藤 水菜": 2022.0281137944453, "小林 優香": 1889.8644010980677, "太田 りゆ": 2000.4863073355505, "山口 伊吹": 1623.6728676701366, "野崎 菜美": 1060.2920697334746, "菅原 ななこ": 1333.4646756194354, "中村 由香里": 1565.9345954232754, "齊藤 由紀": 1137.1919924595556, "内野 艶和": 1541.5957024719592, "宮地 寧々": 1489.2838370917793, "田野口 佳奈": 1287.2031411485939, "磯村 光舞": 1619.0333281596993, "中原 恭恵": 1203.9678766473876, "大浦 彩瑛": 1881.6155543136892, "是永 ゆうき": 1476.869806774956, "平子 結菜": 1501.5111572086344, "高木 萌那": 1765.3290329440467, "濱田 芽生": 1167.48595307981, "小林 諒": 1158.6231804350143, "普久原 美海": 1378.198717327108, "片岡 美奈": 1404.3900901167342, "豊田 美香": 1562.8444268901083, "伊藤 優里": 1488.256041342978, "仲澤 春香": 1967.5058083007912, "佐藤 乃愛": 1296.114846711129, "伊澤 茉那": 1536.6206435252695, "中島 瞳": 1691.373319248513, "野寺 梓": 1210.696598911923, "三澤 あゆみ": 1388.3492570001242, "山本 奈知": 1414.5511423105738, "中嶋 里美": 1477.1883303546424, "土屋 珠里": 1513.0154187320557, "大和 久保美": 1255.4393432060567, "大久保 花梨": 1860.6865841278193, "寺崎 舞織": 1717.1371354257249, "蓑田 真璃": 1335.06288048932, "川田 ひな": 1199.7414239046936, "成海 綾香": 1323.4882141528108, "齊藤 由莉": 1465.9904446030205, "池原 杏": 1332.2631113346306, "北津留 千羽": 1451.538314075936, "北岡 マリア": 1836.7393325788842, "今西 瑠花": 1306.8961872643224, "川原 未紀": 1421.6339466461852, "高崎 千賀": 1315.5440637345353, "半田 水晶": 1788.0492182016767, "伊藤 柚姫": 1479.5669614218812, "橋本 のこ": 1259.5690845481581, "赤池 七虹": 1396.9952645524927, "千葉 捺美": 1517.0161741016002, "岩元 杏奈": 1649.8699800165045, "岡田 優歩": 1657.9775377872675, "牧田 咲子": 1400.307323180228, "石田 春海": 1374.6487371875457, "酒井 亜樹": 1747.440986905757, "伊藤 木々音": 1271.0541323502805, "西田 美菜": 1329.9139674888304, "南 彩乃": 1392.103564830714, "梶原 百香": 1437.9657106792174, "遥山 夕貴": 1459.4789472949053, "山本 知佳": 1498.3141585005806, "土井 柚姫": 1490.5423957468022, "小原 乃亜": 1538.9087162153935, "清水 美海": 1503.1026507395018, "伊藤 梨里花": 1547.179039151687, "露谷 菜々花": 1525.0706834622226, "松崎 光優": 1458.5308045192878, "林 香穂": 1416.090649084472, "森 この芽": 1422.0007293644874, "寺本 愛花": 1442.7032832609877, "仲井 リコ": 1393.9350491024718, "川上 いちご": 1620.3247113861787, "鈴木 媛子": 1505.8180724226995, "古山 稀絵": 1500.1348451427334, "アニー 紗世子": 1460.406074525566, "栗山 百花": 1519.4274466044599, "前田 真希": 1487.4322758109083, "齊藤 萌": 1439.429019472532, "緒方 詩央里": 1524.6761451004302, "吉田 恵利": 1446.7378526228474, "松下 彩也香": 1471.423339476472, "山田 南": 1539.19297218015, "グロ": 1553.0169665296814, "アンドルーズ": 1641.995276909942, "ファンデルワウ": 1568.2005146844067, "高橋 智香": 1502.3946575343793}